{"position": {"x": -7.157378673553467, "y": -5.119604587554932, "z": 5.064762115478516}, "rotation": {"x": 0.5, "y": 0.5, "z": 0.5, "w": 0.4999999701976776}, "frame_number": 4}