{"position": {"x": -6.940592288970947, "y": -5.047582149505615, "z": 5.033432483673096}, "rotation": {"x": 0.5, "y": 0.5, "z": 0.5, "w": 0.4999999701976776}, "frame_number": 3}