{"position": {"x": -12.704523086547852, "y": -5.186395168304443, "z": 6.541542053222656}, "rotation": {"x": 0.32934603095054626, "y": 0.5668751001358032, "z": 0.5450637936592102, "w": 0.5225794315338135}, "frame_number": 50}