{"position": {"x": -12.752649307250977, "y": -6.462254524230957, "z": 6.084354400634766}, "rotation": {"x": 0.32934603095054626, "y": 0.5668751001358032, "z": 0.5450637936592102, "w": 0.5225794315338135}, "frame_number": 45}