{"position": {"x": -10.001935958862305, "y": -6.064642906188965, "z": 5.4758524894714355}, "rotation": {"x": 0.5, "y": 0.5, "z": 0.5, "w": 0.4999999701976776}, "frame_number": 11}