{"position": {"x": -12.634523391723633, "y": -1.0314353704452515, "z": 6.694622039794922}, "rotation": {"x": 0.3635115921497345, "y": 0.5732524394989014, "z": 0.5817912817001343, "w": 0.44806230068206787}, "frame_number": 66}