{"position": {"x": -12.634523391723633, "y": -1.69376540184021, "z": 7.140182018280029}, "rotation": {"x": 0.3340163826942444, "y": 0.5675210952758789, "z": 0.5502423644065857, "w": 0.5134064555168152}, "frame_number": 62}