{"position": {"x": -9.527112007141113, "y": -5.906893253326416, "z": 5.40723180770874}, "rotation": {"x": 0.5, "y": 0.5, "z": 0.5, "w": 0.4999999701976776}, "frame_number": 10}