{"position": {"x": -11.74325180053711, "y": -6.643153667449951, "z": 5.727504253387451}, "rotation": {"x": 0.5, "y": 0.5, "z": 0.5, "w": 0.4999999701976776}, "frame_number": 15}