{"position": {"x": -12.774523735046387, "y": -6.985770225524902, "z": 5.876542091369629}, "rotation": {"x": 0.44299325346946716, "y": 0.5275983214378357, "z": 0.514538049697876, "w": 0.510536789894104}, "frame_number": 28}