{"position": {"x": -12.774523735046387, "y": -6.985770225524902, "z": 5.876542091369629}, "rotation": {"x": 0.33067193627357483, "y": 0.5665237307548523, "z": 0.5447011590003967, "w": 0.5225012898445129}, "frame_number": 39}