{"position": {"x": -12.726251602172852, "y": -6.969733238220215, "z": 5.869565963745117}, "rotation": {"x": 0.5, "y": 0.5, "z": 0.5, "w": 0.4999999701976776}, "frame_number": 19}