{"position": {"x": -10.925254821777344, "y": -6.37139368057251, "z": 5.609289169311523}, "rotation": {"x": 0.5, "y": 0.5, "z": 0.5, "w": 0.4999999701976776}, "frame_number": 13}