{"position": {"x": -12.634523391723633, "y": -0.3920104503631592, "z": 5.083022117614746}, "rotation": {"x": 0.4370599091053009, "y": 0.6074331402778625, "z": 0.6417035460472107, "w": 0.16798849403858185}, "frame_number": 76}