{"position": {"x": -12.766018867492676, "y": -6.786695957183838, "z": 5.957339763641357}, "rotation": {"x": 0.32934603095054626, "y": 0.5668751001358032, "z": 0.5450637936592102, "w": 0.5225794315338135}, "frame_number": 43}