{"position": {"x": -12.774523735046387, "y": -6.985770225524902, "z": 5.876542091369629}, "rotation": {"x": 0.46545153856277466, "y": 0.5174287557601929, "z": 0.5087223052978516, "w": 0.5067780017852783}, "frame_number": 26}