{"position": {"x": -12.774523735046387, "y": -6.985770225524902, "z": 5.876542091369629}, "rotation": {"x": 0.4956017732620239, "y": 0.5023453831672668, "z": 0.5010931491851807, "w": 0.5009328126907349}, "frame_number": 22}