{"position": {"x": -12.774523735046387, "y": -6.985770225524902, "z": 5.876542091369629}, "rotation": {"x": 0.43068164587020874, "y": 0.5328093767166138, "z": 0.5177662968635559, "w": 0.512391984462738}, "frame_number": 29}