{"position": {"x": -12.634523391723633, "y": -0.3668837547302246, "z": 4.853724956512451}, "rotation": {"x": 0.44268137216567993, "y": 0.6129533052444458, "z": 0.6425660848617554, "w": 0.12421876192092896}, "frame_number": 79}