{"position": {"x": -12.774523735046387, "y": -6.985770225524902, "z": 5.876542091369629}, "rotation": {"x": 0.35766932368278503, "y": 0.5588485598564148, "z": 0.5373393297195435, "w": 0.5206030607223511}, "frame_number": 35}