{"position": {"x": -12.634523391723633, "y": -0.37092530727386475, "z": 4.902901649475098}, "rotation": {"x": 0.44158419966697693, "y": 0.6117743849754333, "z": 0.6425501108169556, "w": 0.13365936279296875}, "frame_number": 78}