{"position": {"x": -8.176363945007324, "y": -5.458138942718506, "z": 5.212023735046387}, "rotation": {"x": 0.5, "y": 0.5, "z": 0.5, "w": 0.4999999701976776}, "frame_number": 7}