{"position": {"x": -12.634523391723633, "y": -0.9100561141967773, "z": 6.53879451751709}, "rotation": {"x": 0.37300005555152893, "y": 0.5757749080657959, "z": 0.591426432132721, "w": 0.42375579476356506}, "frame_number": 67}