{"position": {"x": -12.774523735046387, "y": -6.985770225524902, "z": 5.876542091369629}, "rotation": {"x": 0.4835418164730072, "y": 0.5085833668708801, "z": 0.5041175484657288, "w": 0.5033842921257019}, "frame_number": 24}