{"position": {"x": -12.634523391723633, "y": -1.4995534420013428, "z": 7.062564373016357}, "rotation": {"x": 0.33939194679260254, "y": 0.5683482885360718, "z": 0.5561468005180359, "w": 0.50248783826828}, "frame_number": 63}