{"position": {"x": -11.352684020996094, "y": -6.513397216796875, "z": 5.671060562133789}, "rotation": {"x": 0.5, "y": 0.5, "z": 0.5, "w": 0.4999999701976776}, "frame_number": 14}