{"position": {"x": -12.08642292022705, "y": -6.75716495513916, "z": 5.777098655700684}, "rotation": {"x": 0.5, "y": 0.5, "z": 0.5, "w": 0.4999999701976776}, "frame_number": 16}