{"position": {"x": -12.774523735046387, "y": -6.985770225524902, "z": 5.876542091369629}, "rotation": {"x": 0.39236411452293396, "y": 0.5474752187728882, "z": 0.5279615521430969, "w": 0.517279326915741}, "frame_number": 32}