{"position": {"x": -12.774523735046387, "y": -6.985770225524902, "z": 5.876542091369629}, "rotation": {"x": 0.40510639548301697, "y": 0.5428515076637268, "z": 0.5245491862297058, "w": 0.5157995820045471}, "frame_number": 31}