{"position": {"x": -12.774523735046387, "y": -6.985770225524902, "z": 5.876542091369629}, "rotation": {"x": 0.3404214382171631, "y": 0.5638671517372131, "z": 0.5420376062393188, "w": 0.5218836069107056}, "frame_number": 37}