{"position": {"x": -12.634523391723633, "y": -0.437455415725708, "z": 5.348462104797363}, "rotation": {"x": 0.42896220088005066, "y": 0.6010404825210571, "z": 0.6382190585136414, "w": 0.21775716543197632}, "frame_number": 74}