{"position": {"x": -12.634523391723633, "y": -2.14577054977417, "z": 7.206542015075684}, "rotation": {"x": 0.32934603095054626, "y": 0.5668751001358032, "z": 0.5450637936592102, "w": 0.5225794315338135}, "frame_number": 60}