{"position": {"x": -12.774523735046387, "y": -6.985770225524902, "z": 5.876542091369629}, "rotation": {"x": 0.45465990900993347, "y": 0.5224246978759766, "z": 0.5115041732788086, "w": 0.5086455345153809}, "frame_number": 27}