{"position": {"x": -12.725244522094727, "y": -5.758729934692383, "z": 6.344702243804932}, "rotation": {"x": 0.32934603095054626, "y": 0.5668751001358032, "z": 0.5450637936592102, "w": 0.5225794315338135}, "frame_number": 48}