{"position": {"x": -12.634523391723633, "y": -0.41116130352020264, "z": 5.206854820251465}, "rotation": {"x": 0.43349260091781616, "y": 0.6044437289237976, "z": 0.6404075026512146, "w": 0.19133830070495605}, "frame_number": 75}