{"position": {"x": -12.714987754821777, "y": -5.480536937713623, "z": 6.442124366760254}, "rotation": {"x": 0.32934603095054626, "y": 0.5668751001358032, "z": 0.5450637936592102, "w": 0.5225794315338135}, "frame_number": 49}