{"position": {"x": -12.774523735046387, "y": -6.985770225524902, "z": 5.876542091369629}, "rotation": {"x": 0.4988635182380676, "y": 0.5006097555160522, "z": 0.5002819299697876, "w": 0.5002430081367493}, "frame_number": 21}