{"position": {"x": -12.744283676147461, "y": -6.253125190734863, "z": 6.163822174072266}, "rotation": {"x": 0.32934603095054626, "y": 0.5668751001358032, "z": 0.5450637936592102, "w": 0.5225794315338135}, "frame_number": 46}