{"position": {"x": -12.759963989257812, "y": -6.641290664672852, "z": 6.014862060546875}, "rotation": {"x": 0.32934603095054626, "y": 0.5668751001358032, "z": 0.5450637936592102, "w": 0.5225794315338135}, "frame_number": 44}