{"position": {"x": -12.634523391723633, "y": -0.5697386264801025, "z": 5.844384670257568}, "rotation": {"x": 0.4094057083129883, "y": 0.5895386338233948, "z": 0.6247394680976868, "w": 0.3074601888656616}, "frame_number": 71}