{"position": {"x": -12.634523391723633, "y": -0.6351455450057983, "z": 6.021541595458984}, "rotation": {"x": 0.4010780155658722, "y": 0.5856996178627014, "z": 0.6177924871444702, "w": 0.33826741576194763}, "frame_number": 70}