{"position": {"x": -12.770604133605957, "y": -6.894935131072998, "z": 5.913782119750977}, "rotation": {"x": 0.32934603095054626, "y": 0.5668751001358032, "z": 0.5450637936592102, "w": 0.5225794315338135}, "frame_number": 42}