{"position": {"x": -12.634523391723633, "y": -0.7129649519920349, "z": 6.198699474334717}, "rotation": {"x": 0.39207708835601807, "y": 0.5820622444152832, "z": 0.6097635626792908, "w": 0.3683307468891144}, "frame_number": 69}