{"position": {"x": -12.77350902557373, "y": -6.962471961975098, "z": 5.8861846923828125}, "rotation": {"x": 0.32934603095054626, "y": 0.5668751001358032, "z": 0.5450637936592102, "w": 0.5225794315338135}, "frame_number": 41}