{"position": {"x": -12.774523735046387, "y": -6.985770225524902, "z": 5.876542091369629}, "rotation": {"x": 0.4179677665233612, "y": 0.5379310846328735, "z": 0.5211262106895447, "w": 0.5141600966453552}, "frame_number": 30}