{"position": {"x": -12.634523391723633, "y": -0.4719472825527191, "z": 5.504289627075195}, "rotation": {"x": 0.4234285354614258, "y": 0.5973380208015442, "z": 0.6349493265151978, "w": 0.24644453823566437}, "frame_number": 73}