{"position": {"x": -12.634523391723633, "y": -1.1694424152374268, "z": 6.83622932434082}, "rotation": {"x": 0.3545050621032715, "y": 0.5711814165115356, "z": 0.572391927242279, "w": 0.46951618790626526}, "frame_number": 65}