{"position": {"x": -12.774523735046387, "y": -6.985770225524902, "z": 5.876542091369629}, "rotation": {"x": 0.3683556616306305, "y": 0.5555305480957031, "z": 0.5344391465187073, "w": 0.5196871757507324}, "frame_number": 34}