{"position": {"x": -12.68380355834961, "y": -4.564410209655762, "z": 6.738381862640381}, "rotation": {"x": 0.32934603095054626, "y": 0.5668751001358032, "z": 0.5450637936592102, "w": 0.5225794315338135}, "frame_number": 52}