{"position": {"x": -12.634523391723633, "y": -0.37894976139068604, "z": 4.980519771575928}, "rotation": {"x": 0.439731627702713, "y": 0.6099069118499756, "z": 0.6423369646072388, "w": 0.14850223064422607}, "frame_number": 77}