{"position": {"x": -12.664763450622559, "y": -3.921065330505371, "z": 6.919262409210205}, "rotation": {"x": 0.32934603095054626, "y": 0.5668751001358032, "z": 0.5450637936592102, "w": 0.5225794315338135}, "frame_number": 54}