{"position": {"x": -12.635538101196289, "y": -2.404906749725342, "z": 7.196899890899658}, "rotation": {"x": 0.32934603095054626, "y": 0.5668751001358032, "z": 0.5450637936592102, "w": 0.5225794315338135}, "frame_number": 59}