{"position": {"x": -12.735078811645508, "y": -6.0174384117126465, "z": 6.251269340515137}, "rotation": {"x": 0.32934603095054626, "y": 0.5668751001358032, "z": 0.5450637936592102, "w": 0.5225794315338135}, "frame_number": 47}