{"position": {"x": -12.643028259277344, "y": -2.977882146835327, "z": 7.125744819641113}, "rotation": {"x": 0.32934603095054626, "y": 0.5668751001358032, "z": 0.5450637936592102, "w": 0.5225794315338135}, "frame_number": 57}