{"position": {"x": -12.634523391723633, "y": -1.3251303434371948, "z": 6.960062026977539}, "rotation": {"x": 0.34634244441986084, "y": 0.5695556998252869, "z": 0.5636860728263855, "w": 0.48776140809059143}, "frame_number": 64}