{"position": {"x": -12.774523735046387, "y": -6.985770225524902, "z": 5.876542091369629}, "rotation": {"x": 0.380018413066864, "y": 0.5517228245735168, "z": 0.5312853455543518, "w": 0.5185787081718445}, "frame_number": 33}