{"position": {"x": -7.442624568939209, "y": -5.2143707275390625, "z": 5.105985164642334}, "rotation": {"x": 0.5, "y": 0.5, "z": 0.5, "w": 0.4999999701976776}, "frame_number": 5}