{"position": {"x": -12.673968315124512, "y": -4.2436394691467285, "z": 6.831814289093018}, "rotation": {"x": 0.32934603095054626, "y": 0.5668751001358032, "z": 0.5450637936592102, "w": 0.5225794315338135}, "frame_number": 53}