{"position": {"x": -6.754524230957031, "y": -4.98576545715332, "z": 5.006542205810547}, "rotation": {"x": 0.5, "y": 0.5, "z": 0.5, "w": 0.4999999701976776}, "frame_number": 1}