{"position": {"x": -9.0575532913208, "y": -5.750893592834473, "z": 5.339372158050537}, "rotation": {"x": 0.5, "y": 0.5, "z": 0.5, "w": 0.4999999701976776}, "frame_number": 9}