{"position": {"x": -8.603793144226074, "y": -5.600142002105713, "z": 5.2737956047058105}, "rotation": {"x": 0.5, "y": 0.5, "z": 0.5, "w": 0.4999999701976776}, "frame_number": 8}