{"position": {"x": -12.634523391723633, "y": -0.8042505979537964, "z": 6.372302055358887}, "rotation": {"x": 0.38262656331062317, "y": 0.5787281394004822, "z": 0.600874125957489, "w": 0.3970150649547577}, "frame_number": 68}