{"position": {"x": -12.774523735046387, "y": -6.985770225524902, "z": 5.876542091369629}, "rotation": {"x": 0.47514885663986206, "y": 0.5127620100975037, "z": 0.5062443017959595, "w": 0.5050004124641418}, "frame_number": 25}