{"position": {"x": -12.634523391723633, "y": -1.9088197946548462, "z": 7.189359664916992}, "rotation": {"x": 0.3305617570877075, "y": 0.5670368671417236, "z": 0.5464161038398743, "w": 0.5202187299728394}, "frame_number": 61}