{"position": {"x": -12.649083137512207, "y": -3.2846500873565674, "z": 7.068222522735596}, "rotation": {"x": 0.32934603095054626, "y": 0.5668751001358032, "z": 0.5450637936592102, "w": 0.5225794315338135}, "frame_number": 56}