{"position": {"x": -12.694058418273926, "y": -4.879840850830078, "z": 6.640959739685059}, "rotation": {"x": 0.32934603095054626, "y": 0.5668751001358032, "z": 0.5450637936592102, "w": 0.5225794315338135}, "frame_number": 51}