{"position": {"x": -7.785797119140625, "y": -5.3283820152282715, "z": 5.155580043792725}, "rotation": {"x": 0.5, "y": 0.5, "z": 0.5, "w": 0.4999999701976776}, "frame_number": 6}