{"position": {"x": -12.371668815612793, "y": -6.851930618286133, "z": 5.81832218170166}, "rotation": {"x": 0.5, "y": 0.5, "z": 0.5, "w": 0.4999999701976776}, "frame_number": 17}