{"position": {"x": -6.802796840667725, "y": -5.001802921295166, "z": 5.013518333435059}, "rotation": {"x": 0.5, "y": 0.5, "z": 0.5, "w": 0.4999999701976776}, "frame_number": 2}