{"position": {"x": -12.638443946838379, "y": -2.683455228805542, "z": 7.169301986694336}, "rotation": {"x": 0.32934603095054626, "y": 0.5668751001358032, "z": 0.5450637936592102, "w": 0.5225794315338135}, "frame_number": 58}