{"position": {"x": -10.471494674682617, "y": -6.220642566680908, "z": 5.543712615966797}, "rotation": {"x": 0.5, "y": 0.5, "z": 0.5, "w": 0.4999999701976776}, "frame_number": 12}