{"position": {"x": -12.588455200195312, "y": -6.923953533172607, "z": 5.849652290344238}, "rotation": {"x": 0.5, "y": 0.5, "z": 0.5, "w": 0.4999999701976776}, "frame_number": 18}