{"position": {"x": -12.774523735046387, "y": -6.985770225524902, "z": 5.876542091369629}, "rotation": {"x": 0.49042657017707825, "y": 0.5050565600395203, "z": 0.5023862719535828, "w": 0.5020037293434143}, "frame_number": 23}