{"position": {"x": -12.656397819519043, "y": -3.6002235412597656, "z": 6.9987287521362305}, "rotation": {"x": 0.32934603095054626, "y": 0.5668751001358032, "z": 0.5450637936592102, "w": 0.5225794315338135}, "frame_number": 55}