{"position": {"x": -12.634523391723633, "y": -0.5156906843185425, "z": 5.670782089233398}, "rotation": {"x": 0.41689229011535645, "y": 0.5934608578681946, "z": 0.6304720044136047, "w": 0.276604562997818}, "frame_number": 72}