{"position": {"x": -12.774523735046387, "y": -6.985770225524902, "z": 5.876542091369629}, "rotation": {"x": 0.34825772047042847, "y": 0.5616379380226135, "z": 0.539900541305542, "w": 0.5213317275047302}, "frame_number": 36}