{"position": {"x": -12.774523735046387, "y": -6.985770225524902, "z": 5.876542091369629}, "rotation": {"x": 0.3344605267047882, "y": 0.565506637096405, "z": 0.5436655282974243, "w": 0.5222702026367188}, "frame_number": 38}